VIDEO,TIME_START,DESCRIPTION
11_final,0,"In the video, a white humanoid robot with blue accents is standing on a black-and-white tiled floor with its right arm raised."
11_final,0.5,"In the video, a white robot stands with its arms raised, while two people in suits stand nearby, all on a floor with a black and white checkered pattern."
11_final,1,"A white robot with blue accents stands on a black-and-white checkered floor with its hands up, as two people in suits stand nearby."
11_final,1.5,"A white humanoid robot stands on a tiled floor with its arms raised, surrounded by people."
11_final,2,"A white robot with black and blue accents stands on a black and white tiled floor, raising its hands."
11_final,2.5,A white robot with black accents stands on a black and white tiled floor with its arms extended.
11_final,3,A white robot is standing on a black and white tiled floor with its arms outstretched.
11_final,3.5,"A white humanoid robot with black and blue accents is standing on a black and white checkered floor, extending its arms."
11_final,4,A humanoid robot with outstretched arms is standing on a black and white tiled floor.
11_final,4.5,A humanoid robot with white and blue accents is standing on a checkered tile floor with its arms outstretched.
11_final,5,"A white robot is seen standing and extending its arms on a tiled floor, with a table in the background."
11_final,5.5,"A white humanoid robot stands on a black and white tiled floor, with its arms outstretched and people in the background."
11_final,6,"A white and blue robot stands on a checkered floor with its arms outstretched, seemingly interacting with people in the background."
11_final,6.5,A white robot with black accents stands on a tiled floor and extends its arms.
11_final,7,"A white robot is standing on a checkered floor, waving its arms."
11_final,7.5,"A white robot with blue and black accents is standing on a white floor with black tiles, its arms outstretched."
11_final,8,A white robot with black and blue accents is standing on a checkered floor and appears to be gesturing with its arms in a room with people and tables in the background.
11_final,8.5,The video shows a white robot with blue and black accents standing on a white tiled floor with black squares. The robot has its arms extended to the sides.
11_final,9,A humanoid robot is standing on a checkered floor with its arms outstretched.
11_final,9.5,"A white and blue humanoid robot is standing on a tiled floor, extending its arms with open hands as if greeting or inviting someone."
11_final,10,A white humanoid robot stands on a checkered floor with outstretched arms.
11_final,10.5,"A white robot with blue and black accents stands in a room with a black and white checkered floor, with some people and furniture in the background."
11_final,11,"A humanoid robot, white with black and blue accents, walks across a checkered tile floor in an indoor environment with people and desks in the background."
11_final,11.5,"In a room with a checkered floor, a bipedal robot is walking towards the center, with people and objects visible in the background."
11_final,12,A humanoid robot is walking on a black and white checkered floor.
11_final,12.5,A white robot with black and blue accents walks on a black and white checkered floor in a room where people are working.
11_final,13,A white robot with blue shoulder pads and black spots on its legs walks on a black and white tiled floor.
11_final,13.5,A humanoid robot walks in an office with a patterned floor.
11_final,14,A white robot with black polka dots is standing on a black and white checkered floor.
12_final,0,A robot arm is seen attempting to pour liquid from a white and pink bottle on a white table.
12_final,0.5,"A table has a camera, some equipment, and a bottle containing a milky liquid."
12_final,1,A baby in a high chair reaches for a bottle sitting on a table.
12_final,1.5,A baby in a highchair is watching a machine attempt to feed a baby bottle to another bottle hanging on the wall.
12_final,2,A baby is standing in a playpen looking at a mechanical arm holding a baby bottle.
12_final,2.5,"In the video, a baby doll is in a high chair and a robotic arm is holding a baby bottle in front of it."
12_final,3,A baby doll is standing in a crib as a robotic arm approaches with a bottle.
12_final,3.5,"In the video, a baby doll stands in a playpen and a robotic arm extends towards the doll with a baby bottle, suggesting a potential feeding or interaction scenario."
12_final,4,A baby doll is in a crib and a robotic arm is handing the doll a bottle.
12_final,4.5,A baby doll stands in a playpen while a robotic arm offers a bottle.
12_final,5,"A doll in a crib is facing a robotic arm that is holding a bottle, suggesting a possible feeding scenario."
12_final,5.5,A baby doll in a crib looks at a water bottle that a robotic arm is moving toward it.
12_final,6,A baby doll standing in a playpen is presented with a bottle by a robotic arm.
12_final,6.5,"In a room with white walls, a baby doll is in a crib, and a robotic arm is holding a baby bottle toward the doll."
12_final,7,"A doll that looks like a baby stands in a crib, watching a robotic arm holding a bottle."
14_final,0,A robot dog brings a can of beer to a man sitting on a couch looking at a photo album.
14_final,0.5,"In the video, a man is sitting on a couch reading a book while a robotic dog with a can attached to its arm approaches him."
14_final,1,"A man sits on a couch looking at a photo album, and a robot holds a camera pointed at him."
14_final,1.5,"A robot dog holds an open book to a man sitting on a couch, and the man looks at the pages."
14_final,2,"A man is relaxing on a couch, reading a book held up by a robotic dog."
14_final,2.5,"A robot dog is holding a book for a man sitting on a couch, suggesting a scenario where technology is assisting in daily activities."
14_final,3,A man relaxes on a couch as a robotic arm holds a book for him to read.
14_final,3.5,A robot holds a book open for a man on a couch to read.
14_final,4,A robot is about to hand a man a drink while he is sitting on a couch and reading a book.
14_final,4.5,A man is sitting on a couch and reading a book while a robot holds a shoe up to his face.
14_final,5,A man reading a book on the couch is being approached by a robot dog.
14_final,5.5,"In the video, a robot arm is handing a can to a man sitting on a couch while reading a book."
14_final,6,"A man is sitting on a couch, reading a book, while a robot dog is approaching the table with a remote control on it."
14_final,6.5,"In a well-lit room, a robot stands near a couch, holding a book open for a man sitting on the couch."
14_final,7,"A man sits on a couch next to a robot dog, and they are both looking at a photo album."
14_final,7.5,A man sitting on a couch receives a can from a robot.
14_final,8,A man on a sofa holds a book and offers a can to a robot.
14_final,8.5,"A robot approaches a man sitting on a couch, holding a can in its hand."
14_final,9,"A man sitting on a couch in his living room, reading a book, is being approached by a robot."
14_final,9.5,"A man is sitting on a couch,and a robot is handing him a can of soda."
14_final,10,A robot is handing a can of soda to a man sitting on a couch.
14_final,10.5,A man sitting on a couch is taking a can from a robot.
14_final,11,A man sitting on a couch is handing a can to a walking robot.
14_final,11.5,"In a living room, a robot hands a man a can while he sits on a couch holding a tablet."
14_final,12,"A man is sitting on a couch, and a robot is reaching for a can he is holding."
14_final,12.5,A man sitting on a couch reaches out to take a can from a bipedal robot standing in front of him.
15_final,0,"In the video, a humanoid robot is walking on a blue mat in a laboratory or warehouse setting, with orange barriers and other equipment visible in the background."
15_final,0.5,A robot is jumping over obstacles.
15_final,1,A humanoid robot with advanced mobility and balance is shown navigating an obstacle course with ease.
15_final,1.5,A bipedal robot runs through an indoor obstacle course.
15_final,2,"In the video, a bipedal robot navigates an obstacle course consisting of blocks and steps in an indoor environment with windows and a blue floor."
15_final,2.5,A bipedal robot is navigating an obstacle course.
15_final,3,A robot is running and jumping between boxes in an indoor course.
15_final,3.5,A robot with a backpack jumps from one box to another in an indoor environment.
15_final,4,"A humanoid robot is performing parkour, leaping from a box with its arms extended for balance."
15_final,4.5,A human in a harness with a backpack jumps between boxes in an indoor obstacle course.
15_final,5,"A person wearing a large backpack is in a gym-like setting, standing on a box, preparing to jump."
15_final,5.5,A person with a large object strapped to their back is jumping from a box onto a lower platform.
15_final,6,"A humanoid robot jumps between obstacles in a brightly lit interior, showing off its agility."
15_final,6.5,A humanoid robot is stepping off a wooden box onto a padded mat in an indoor obstacle course.
15_final,7,A humanoid robot is balancing on a box in a room filled with obstacles.
19_final,0,"At a skate park at night, a person on a bike jumps off a ramp while a person on a skateboard rides past."
19_final,0.5,"At night, a person on a skateboard is riding toward a ramp, while another person is standing on a light pole with a bicycle next to them."
19_final,1,"A man is standing on a bicycle seat balanced on top of a light pole at night, with other people gathered around watching."
19_final,1.5,"At a skatepark, a person on a bicycle rides up a ramp and stands on the seat with arms outstretched in front of a crowd, as another person in the foreground is also skating."
19_final,2,"A person stands on the handlebars of a BMX bicycle, on top of a ramp, while a group of people watch."
19_final,2.5,"A person on a bicycle is attempting a trick at a skatepark, with a crowd of onlookers in the background."
19_final,3,"A person wearing a full head covering is standing on a ledge in a skate park, with arms outstretched, as a bicycle rides into the park near them and a crowd of people watch."
19_final,3.5,A man wearing a helmet stands on top of a ramp and is about to jump over a bicycle in a skate park as a crowd watches.
19_final,4,"A monkey rides a bicycle toward an open area where a man stands with his arms raised, while other people are seated nearby or standing along the perimeter of the park."
19_final,4.5,"A person is jumping off a ramp with a bicycle, as onlookers watch."
19_final,5,A man is balancing on a bicycle riding along the edge of a skate ramp.
19_final,5.5,"A man wearing a Red Bull hat stands on a pogo stick in front of someone holding a bottle or cup, with his arms out for balance."
19_final,6,"In a video, a person is balancing on top of a skateboard, with arms outstretched for balance and another person is standing nearby."
19_final,6.5,A man in a hat stands on the handlebars of a bicycle.
19_final,7,A person wearing a helmet stands on a bicycle with their arms out for balance.
19_final,7.5,"In the video, a person is standing on the seat of a bicycle, balancing with their arms outstretched, and a person is standing nearby."
19_final,8,"In the video, a man is balancing on a bicycle frame, arms outstretched for balance, while another man watches in the background."
19_final,8.5,"A man is standing on a skateboard, seemingly trying to balance or perform a trick."
21_final,0,"In the video, a group of individuals are riding or resting with go-karts on a paved area near some street lights at dusk or dawn."
21_final,0.5,"In a plaza at sunset, a person on a scooter approaches two seated figures and their bikes."
21_final,1,The video shows a person riding a bike away from another person who is lying on the ground.
21_final,1.5,A person on a bicycle is riding on a paved surface toward some people in the distance.
21_final,2,A person is riding a bicycle on a paved surface with buildings and trees in the background.
21_final,2.5,A person rides a BMX bike on a flat surface with buildings in the background.
21_final,3,A man is riding a BMX bicycle on a paved surface in a park.
21_final,3.5,A man is riding a BMX bike on a city street.
21_final,4,"A person is riding a BMX bike on a flat surface, with another person sitting in the background."
21_final,4.5,"A person is riding a BMX bike on a concrete surface, performing a trick near a ledge."
21_final,5,A person is riding a BMX bike down a set of concrete stairs.
21_final,5.5,A person in a wheelchair is at the top of a flight of stairs.
21_final,6,A cyclist is riding his bike down a set of stairs with a mural in the background.
21_final,6.5,A person rides a BMX bike down a set of stairs.
21_final,7,A man on a BMX bike is riding down a set of stairs.
21_final,7.5,A man is riding a BMX bike down a set of stairs.
21_final,8,A person on a BMX bike is in mid-air as he rides down a set of concrete stairs in front of a wall with writing on it.
21_final,8.5,A person on a BMX bike is performing a trick by riding down a set of stairs.
21_final,9,A BMX biker is riding down a flight of concrete stairs.
21_final,9.5,A person on a bike is jumping down a set of stairs.
21_final,10,A person on a bike is jumping off a flight of stairs.
21_final,10.5,"A man on a BMX bike is riding down a flight of stairs. He is wearing a dark shirt and shorts. Behind him is a large, white wall with writing on it."
22_final,0,A group of people are jumping on a trampoline.
22_final,0.5,Three people are on a trampoline.
22_final,1,Several people are jumping on a trampoline outdoors.
22_final,1.5,A group of people are jumping on a trampoline with a safety net.
22_final,2,A person is jumping high above a trampoline with several other people on it.
22_final,2.5,A person on a trampoline is launched high into the air as others watch from the trampoline below.
22_final,3,The video shows four people on a trampoline and one person high up in the air above them.
22_final,3.5,"A group of people are jumping on a trampoline, and one of them is jumping from the trampoline netting."
22_final,4,"A group of people is on a trampoline, with one person jumping high above the safety net, seemingly preparing to land back on the trampoline with the others."
22_final,4.5,A group of people are jumping and playing on a trampoline. One person is jumping off the top of a safety pole onto the trampoline.
22_final,5,"A group of young people are on a trampoline, one of whom is jumping off the side onto the ground."
22_final,5.5,A group of people are jumping on a trampoline. One person is jumping onto the top of the safety net.
22_final,6,A group of people are bouncing on a trampoline while one person is standing on the safety net pole in the center.
22_final,6.5,"Several young people are on a trampoline in a backyard. One person is jumping high. Others are watching, standing, or kneeling on the trampoline."
24_final,0,A person is hanging over the water on a rope swing.
24_final,0.5,A person is swimming in a lake with a yellow excavator on the dock in the background.
24_final,1,"A person is jumping from a tree into a body of water, while others are standing nearby."
24_final,1.5,"Two people are swinging from a tree branch over water, while others stand nearby watching."
24_final,2,"A man jumps from a tree towards a body of water, with other people watching."
24_final,2.5,People are working on a platform over a body of water in an area with trees.
24_final,3,"A person wearing a red hat is riding a swing over a pond, potentially at risk of falling into the water."
24_final,3.5,A group of shirtless people are jumping from the bank into a body of water surrounded by trees on a sunny day.
24_final,4,A person on a dock is about to dive into a body of water surrounded by trees.
24_final,4.5,A person is falling off a wooden structure above a body of water.
24_final,5,A person is swinging on a rope over a body of water towards a dock.
24_final,5.5,A person in mid-air swings from a rope over a lake.
24_final,6,A person is standing in a body of water with trees and a partly cloudy sky visible in the background.
24_final,6.5,A pink person is in the water with a horse standing on a bridge in the background.
24_final,7,"A man is swinging from a tree branch over a body of water, and a group of people are nearby watching."
24_final,7.5,"A group of people stand on a platform next to a tree near a body of water, and one person is attempting to swing from the tree into the water."
24_final,8,"A person is sitting in a tree branch that is overhanging a body of water, suggesting they may fall into the water."
24_final,8.5,"A person is swinging on a rope over a body of water.
"
24_final,9,A person is shown jumping off a platform with trees in the background.
24_final,9.5,A person is jumping into a body of water under trees.
24_final,10,A person is swinging on a rope over a body of water.
24_final,10.5,A person appears to be diving or jumping into water.
24_final,11,Two people are standing near a body of water with trees in the background.
24_final,11.5,A person in swim trunks is swinging from a rope toward a body of water.
24_final,12,A child stands waist-deep in water with trees in the background.
29_final,0,"A metal frame is floating on the water near a patch of reeds, potentially for clearing debris or vegetation."
29_final,0.5,A body of water runs between a field of wheat-colored grass and a metal contraption is floating in the water.
29_final,1,"A person is standing in shallow water, using a large, metal square frame to move small, white objects across the water's surface toward a dense patch of tall grass on the bank."
29_final,1.5,A person carries a raft on a frame toward a body of water with reeds along its edge.
29_final,2,A person is walking on a metal platform over a body of water while wearing an inflatable boat around their torso.
29_final,2.5,A person is standing on a makeshift dock while carrying an inflated raft.
29_final,3,A person carrying an inflatable raft on their shoulders walks across a narrow railing suspended over water.
29_final,3.5,A man is walking across a ladder laid on top of a frozen river with an inflatable tube around his body.
29_final,4,A person carrying an inflatable boat is walking across a narrow makeshift bridge over water.
29_final,4.5,A person wearing a black hat and a large inflatable tube is walking along a narrow bridge over a body of water.
29_final,5,A person is carrying an inflatable boat over a narrow structure across water.
29_final,5.5,"A person is walking on a metal ladder across a body of water, with an inflatable boat on their back."
29_final,6,A person with an inflated dinghy on their back walks across narrow ladders suspended above a canal.
29_final,6.5,A person with an inflatable raft on their back walks carefully across a narrow makeshift bridge over a body of water.
29_final,7,"A person is walking across a thin, icy canal using a ladder laid across the ice. They are carrying a large, orange inflatable tube."
30_final,0,"A man wearing a t-shirt with the phrase ""FUTURE PRIMITIVE"" is bending over."
30_final,0.5,A person in dark clothing is performing a skateboarding trick on a paved surface.
30_final,1,A person is balancing on a skateboard on a paved surface.
30_final,1.5,A skateboarder balances on the tail of their skateboard on a paved surface.
30_final,2,A skateboarder is captured in the midst of riding a skateboard on a paved surface.
30_final,2.5,A man is riding a skateboard on a paved road.
30_final,3,A man is skateboarding on an outdoor road.
30_final,3.5,A man is riding a skateboard on a paved road.
30_final,4,A man is riding a skateboard on a paved road with an orange cone nearby.
30_final,4.5,"A man on a skateboard is precariously balanced on one wheel, with a traffic cone in the background."
30_final,5,A man is standing on a skateboard.
30_final,5.5,A person is skateboarding on a paved surface with trees in the background.
30_final,6,A man is riding a skateboard.
30_final,6.5,A man is skateboarding on the road.
30_final,7,A skateboarder wearing a t-shirt and jeans rides a skateboard on an asphalt street.
30_final,7.5,A man is riding a skateboard with two tires on a paved surface.
30_final,8,A skateboarder wearing a black t-shirt is seen riding a skateboard on a paved surface.
30_final,8.5,A man on a skateboard rides down an asphalt street.
30_final,9,A person is skateboarding on a paved road.
30_final,9.5,A person is skateboarding on a street.
30_final,10,A person is skateboarding on a road.
30_final,10.5,A man is skateboarding on a street.
30_final,11,A person on a skateboard is moving on a street.
30_final,11.5,A skateboarder rides a skateboard on the street.
30_final,12,A man is riding a skateboard down a street.
30_final,12.5,A person is skateboarding on a road.
31_final,0,A baby in gray pajamas walks across a wooden floor holding a white mug.
31_final,0.5,"A toddler in gray pajamas is carefully walking into a room, holding a mug with the letter ""M"" on it."
31_final,1,A toddler in a grey onesie holds a large mug while walking over a wood threshold.
31_final,1.5,A toddler is carefully walking with a mug in their hands.
31_final,2,"A toddler in pajamas is walking through a doorway, carefully holding a mug."
31_final,2.5,A young child walks out of a doorway holding a mug with liquid inside.
31_final,3,A young child in pajamas carefully walks through a doorway while holding a mug.
31_final,3.5,A young child walks through a doorway holding a mug.
31_final,4,"A toddler in gray pajamas is carrying a ""Mom"" mug as they carefully step down from a wooden transition strip between rooms."
31_final,4.5,A toddler in pajamas is carefully walking out of a bedroom holding a mug.
31_final,5,"In a video, a toddler walks out of a bedroom while holding a mug, creating a potential for spillage or dropping."
31_final,5.5,A small child in pajamas walks out of a doorway holding a mug.
31_final,6,A small child in pajamas walks through a doorway holding a mug.
31_final,6.5,"In a video set indoors, a toddler dressed in gray pajamas and white socks walks across a wooden transition strip from a bedroom holding a mug, with a small puddle visible on the hallway floor."
31_final,7,"A toddler in pajamas is carrying a mug and walking out of a room, leaving a small spill on the floor."
31_final,7.5,"A toddler in a gray outfit is walking out of a room while holding a mug, and there is a spill on the floor."
31_final,8,A baby in a gray onesie walks with a mug and spills its contents on the floor.
31_final,8.5,A toddler walks out of a bedroom holding a mug and steps over a small puddle on the floor.
31_final,9,"A toddler is walking across the threshold of a doorway while holding a cup in his hand, and liquid is visible on the floor where he is walking."
31_final,9.5,"A toddler in gray pajamas stands at the threshold of a bedroom, holding a mug, as liquid spills from it onto the wood-look floor."
33_final,0,A car approaches a modern house with a pool in the backyard.
33_final,0.5,"A white vehicle drives up a steep driveway towards a house with a pool, patio furniture, and a child's slide."
33_final,1,A car drives up a steep driveway towards a house with a pool in the backyard.
33_final,1.5,A silver car is parked on a sloped driveway next to a house with a pool.
33_final,2,A silver truck is parked in a driveway next to a house with a pool.
33_final,2.5,A silver pickup truck is parked on a driveway beside a house with a pool in the backyard.
33_final,3,A silver pickup truck is parked in the driveway of a house with a pool.
33_final,3.5,A silver pickup truck is parked next to a swimming pool outside a house.
33_final,4,A silver pickup truck is parked in the driveway of a house next to a swimming pool.
33_final,4.5,A silver pickup truck is parked near a pool in the courtyard of a multi-story building.
33_final,5,A silver pickup truck is parked in a courtyard next to a pool and a building with steps leading to it.
33_final,5.5,A silver pickup truck is parked on a patio next to a swimming pool.
33_final,6,A silver pickup truck is parked in the patio next to a swimming pool.
33_final,6.5,A silver pickup truck is parked next to a swimming pool in the courtyard of a multi-story building.
33_final,7,A silver truck is parked in the driveway of a multi-story house with a swimming pool on a day in October 2023.
34_final,0,A man standing on a white roof tries to use a stick to dislodge something from a tree.
34_final,0.5,"A man is crouched on a slippery surface, pointing toward some trees, balanced on a red object."
34_final,1,A man is preparing to jump off the roof of a shed while another man is filming him.
34_final,1.5,"A person is on the roof of a barn, next to a tractor."
34_final,2,"A person is standing on the roof of a building, near a car, with bare trees in the background."
34_final,2.5,A person is standing on the roof of a corrugated metal structure preparing to jump onto a vehicle below covered in snow.
34_final,3,A man is running and jumps off of a roof.
34_final,3.5,A person is jumping off the roof of a building.
34_final,4,A person hanging from a rope swings from the roof of a shed towards the bed of a pickup truck.
34_final,4.5,A person is jumping from a building into the back of a pickup truck.
34_final,5,A person is swinging from a rope and jumping off a building into the bed of a pickup truck.
34_final,5.5,A person is jumping off the roof of a building into the bed of a truck.
34_final,6,A person on a rope is jumping from the roof of a building into the bed of a truck.
34_final,6.5,A person jumps from the roof of a building towards the bed of a pickup truck.
34_final,7,A person is jumping from the roof of a shed towards the bed of a pickup truck. 
40_final,0,A woman is jumping rope on a wooden deck.
40_final,0.5,"A woman in athletic wear and a baseball cap is standing on a deck with a railing, near a canal or waterway with buildings and trees visible in the background."
40_final,1,A woman in athletic attire is standing on a platform outdoors.
40_final,1.5,A woman is jogging along a walkway near a pool.
40_final,2,"A woman is standing on a deck, possibly near a pool or water feature, under some trees, and she is about to jump rope."
40_final,2.5,"A woman wearing a blue hat and tank top stands on a deck in front of a pool, with trees and a building in the background."
40_final,3,"In the video, a woman wearing a blue top, black shorts, and a cap is jumping rope outside."
40_final,3.5,"A woman is holding a jump rope, standing on a wooden deck near a body of water."
40_final,4,A woman in a blue top and shorts is standing on a platform near a pool.
40_final,4.5,"A woman is standing on a platform outside, likely about to jump or dive into the water below."
40_final,5,A woman in athletic wear is jump roping on a dock.
40_final,5.5,A woman is jumping rope outdoors.
40_final,6,A woman in athletic wear is skipping rope outside on a wooden platform near a body of water.
40_final,6.5,"A woman is seen outdoors, jumping rope near a body of water."
40_final,7,A woman is jumping rope in an outdoor space with trees and a fence in the background.
40_final,7.5,A woman is jumping rope on a deck near trees.
40_final,8,A woman in a blue top and black shorts stands on a wooden deck or platform near a pool. She appears to be preparing to dive into the pool.
41_final,0,A person is running on top of a moving train that is passing through a street with two trucks.
41_final,0.5,A person is running on top of a moving train car as it passes through a road crossing where two pickup trucks are waiting.
41_final,1,A person is riding a scooter on top of a moving train as it passes through a crossing with cars waiting.
41_final,1.5,A man is running on top of a moving train as it crosses a road with two trucks waiting.
41_final,2,A person is standing on top of a moving train that's passing through a street crossing.
41_final,2.5,"A man is standing on top of a train, potentially about to be struck by a crossing signal."
41_final,3,A person is running on top of a moving train as it passes through a railroad crossing with cars waiting.
41_final,3.5,"A person is riding atop a passing train, close to an intersection where cars are waiting."
41_final,4,A man is standing on top of a moving train car that's passing through a rail crossing where there are two cars.
41_final,4.5,A person is running on top of a train car as it moves through a train crossing.
41_final,5,"A person is running on top of a moving train at a railroad crossing, with cars waiting for the train to pass."
41_final,5.5,A person is running on top of a moving train that is crossing a road with cars nearby.
41_final,6,A person is running on top of a moving train as it crosses a road with cars waiting.
41_final,6.5,A person is running on top of a train that is moving through a crossing.
41_final,7,A man is running on top of a train car that is passing through a railroad crossing.
41_final,7.5,A person is running on top of a moving train car as it passes through a road crossing.
41_final,8,A person is running on top of a moving train that is crossing a road with cars waiting.
41_final,8.5,"In the video, a person is running on top of a moving train car as it passes through a road crossing with cars stopped."
41_final,9,A person runs on top of a passing freight train at a road crossing.
44_final,0,"A person is standing on the ledge of a tall building, possibly contemplating jumping."
44_final,0.5,A person wearing sneakers and a yellow shirt stands on the edge of a high-rise building.
44_final,1,A person is standing on the edge of a very tall building.
44_final,1.5,The video shows a person wearing black sneakers and yellow pants standing on the edge of a tall building.
44_final,2,"From a high vantage point on a rooftop, an individual appears to be standing near the edge, with a cityscape visible in the background."
44_final,2.5,"From a high vantage point, a person stands on the edge of a rooftop."
44_final,3,A person is standing on the edge of a tall building.
44_final,3.5,A person is hanging off the side of a very tall building.
44_final,4,"The video shows a person sitting on the edge of a tall building, with their legs dangling over the side, looking out at the city below."
44_final,4.5,A person is sitting on the edge of a tall building with their legs dangling over the side.
44_final,5,The video shows someone sitting on the edge of a tall building with their legs dangling over the side.
44_final,5.5,A person is sitting on the edge of a tall building.
44_final,6,"A person is sitting on the edge of a tall building, dangling their legs over the side."
44_final,6.5,"In a high-angle shot, a person sits on the ledge of a tall building with their legs dangling over the edge, with an urban landscape visible in the background."
44_final,7,The video shows a person dangling their legs off the edge of a very high building.
44_final,7.5,"The video shows a view from a very high building, with a person's legs dangling over the edge."
46_final,0,"In a warehouse setting, bipedal robots move along a marked path beneath shelves of yellow bins, as a worker observes in the background."
46_final,0.5,"The video shows two green and black robots walking in an industrial setting, where there is a man supervising the processes and yellow storage boxes lined up in rows along the wall."
46_final,1,"In a warehouse, bipedal robots are seen walking between rows of bins, possibly retrieving or depositing items."
46_final,1.5,"In a warehouse-like setting, bipedal robots with teal torsos and light-blue heads walk past shelving units filled with yellow containers, likely as part of a sorting or inventory management process."
46_final,2,"In an industrial setting, two humanoid robots are seen walking alongside rows of yellow containers, suggesting automated tasks or processes."
46_final,2.5,The video shows a warehouse with robots maneuvering through shelves filled with yellow bins.
46_final,3,"In an automated warehouse setting, robots with green and gray accents are moving yellow bins of goods along an assembly line, while people observe in the background."
46_final,3.5,"In a warehouse setting, two bipedal robots, one holding a yellow bin, navigate a row of shelves filled with similar bins, with human workers observing nearby."
46_final,4,The video shows robots moving yellow bins in a warehouse-like environment.
46_final,4.5,"In an industrial setting with conveyors and yellow bins, robots are sorting items or materials, observed by people."
46_final,5,"In a warehouse-like setting, humanoid robots with green torsos and legs are shown carrying yellow bins, with people watching in the background."
46_final,5.5,"In an industrial setting, two robots are carrying yellow containers."
46_final,6,"In a warehouse-like setting, two robots are shown lifting and carrying yellow bins. Two people in the background watch them work."
46_final,6.5,"In an Amazon warehouse, humanoid robots pick yellow containers from shelves and raise them above their heads."
46_final,7,"In an industrial setting, two bipedal robots with green torsos are shown handling yellow bins, with one robot's arms raised, suggesting it's lifting or placing a bin, while yellow conveyors and observers are in the background."
46_final,7.5,"In a warehouse setting, a bipedal robot lifts a yellow bin, potentially transferring its contents, while people observe in the background."
46_final,8,Two robots are lifting yellow containers and placing them on a conveyor belt in a warehouse.
46_final,8.5,"In an industrial setting with conveyor belts and rows of yellow bins, two robots are seen in operation, one lifting a bin while another is slightly in the background."
46_final,9,"In an Amazon warehouse, robots are moving yellow bins along a conveyor belt."
46_final,9.5,"The scene depicts a warehouse with two robots filling yellow bins from an overhead container, while people are standing near a conveyor belt on the left side."
48_final,0,"A yellow Boston Dynamics Spot robot with an attached arm is in a room with a couch, a table with items on it, and various other objects."
48_final,0.5,"In a living room, a yellow robotic dog from Boston Dynamics extends a yellow robotic arm toward a smaller yellow device on the floor."
48_final,1,"In the video, a yellow robotic dog is approaching a grey cloth on the floor, possibly intending to interact with it."
48_final,1.5,A yellow robot dog is using a claw to pick up a piece of clothing off the floor.
48_final,2,A yellow Spot robot is reaching for a piece of cloth with its gripper.
48_final,2.5,A yellow robotic dog uses one of its legs to pick up a small pile of cloth from the floor.
48_final,3,"A yellow robot is standing on a white tile floor, and one of its legs is stepping on a crumpled grey cloth."
48_final,3.5,A yellow robot dog picks up a sheet of paper from the floor.
48_final,4,A yellow robot dog is picking up a piece of paper off the floor with its robotic arm while carrying a laundry basket on its back.
48_final,4.5,A yellow robot dog carries a laundry basket on its back in a living room.
48_final,5,"A yellow robot dog with the letters ""B36"" on its side has a basket on its back and is carrying items."
48_final,5.5,A yellow robotic dog walks in a room with a white laundry basket full of clothes on its back.
48_final,6,"A yellow, quadrupedal robot dog with a white laundry basket on its back is rolling on wheels in a living room."
48_final,6.5,A yellow robot dog walks around a living room carrying a white laundry basket on its back.
48_final,7,"A Boston Dynamics Spot robot is carrying a laundry basket, vacuum, and other attachments on its back."
48_final,7.5,A yellow robot dog carries a laundry basket on its back in a living room.
48_final,8,"A yellow robot dog with a laundry basket full of ping pong balls mounted on its back stands in a room near a couch, suggesting it may be tasked with delivering or interacting with objects in that space.
"
49_final,0,A messy kitchen with dirty dishes on the counter and in the sink is shown with a strange contraption on the floor.
49_final,0.5,A robotic dog is walking around a cluttered kitchen.
49_final,1,A robot dog stands near a messy kitchen sink filled with dirty dishes and a discarded beer can.
49_final,1.5,"In a kitchen with dirty dishes on the counter and a drying rack on the floor, a robot dog with an arm is present."
49_final,2,A robot dog is standing near a sink with dirty dishes.
49_final,2.5,A robot dog stands next to a kitchen sink filled with dirty dishes.
49_final,3,"A quadrupedal robot with an arm is positioned near a messy sink and countertop, seemingly attempting to do dishes."
49_final,3.5,A robot dog-like device with an arm is washing dishes in a messy kitchen sink.
49_final,4,"In a kitchen with dirty dishes on the counter, a robotic dog-like creature is using an arm-like attachment to interact with the sink."
49_final,4.5,"In a messy kitchen, a quadrupedal robot stands near a sink full of dirty dishes."
49_final,5,The video shows a robot dog standing in a messy kitchen next to a sink full of dishes and an open dishwasher.
49_final,5.5,A robotic dog is in a kitchen near a sink filled with dirty dishes.
49_final,6,"A robotic dog is in a kitchen, near a sink full of dishes and a dish rack."
49_final,6.5,"In a cluttered kitchen with dirty dishes piled near the sink, a quadruped robot lies on the floor near a white door."
49_final,7,A robot dog with a robotic arm is standing in a kitchen near a sink full of dirty dishes.
49_final,7.5,"A robot is standing in a messy kitchen near a sink with dirty dishes, implying it is likely going to perform a task related to cleaning or interacting with the kitchen items."
49_final,8,"A robot dog is standing in a kitchen next to a dishwasher, facing a countertop that has dirty dishes."
49_final,8.5,A robotic dog is knocking over a dish rack in a kitchen filled with dirty dishes.
49_final,9,A robot dog grabs a dirty plate from a countertop near a sink.
49_final,9.5,"In a messy kitchen, a robotic dog is near a sink counter full of dishes."
49_final,10,"A robot dog is reaching towards a cluttered countertop, possibly to interact with the items on it."
49_final,10.5,A quadrupedal robot is grabbing a plate from a kitchen counter.
49_final,11,"In a kitchen with a counter full of dishes, a quadrupedal robot is reaching toward a can near the sink."
49_final,11.5,"A four-legged robot stands in a kitchen with a cluttered countertop, and it appears to be interacting with items near the sink."
50_final,0,A cat is sitting on a robotic vacuum cleaner in the middle of a room.
50_final,0.5,"A cat sits on a round robotic vacuum cleaner, located on a wooden floor."
50_final,1,"A cat is sitting on a robotic vacuum cleaner, which is moving across a hardwood floor."
50_final,1.5,A cat is sitting on a robotic vacuum cleaner moving across a wooden floor.
50_final,2,A cat sits on a moving circular robot vacuum.
50_final,2.5,A cat is sitting on top of a robotic vacuum cleaner.
50_final,3,A cat is sitting on a robotic vacuum cleaner in a room.
50_final,3.5,A cat sits on a robotic vacuum cleaner in a room.
50_final,4,A tabby cat is sitting on a running robotic vacuum cleaner in a room with a wooden floor and white door.
50_final,4.5,"A cat is sitting on a robot vacuum cleaner, which is moving."
50_final,5,A cat sits on top of a moving robotic vacuum cleaner.
50_final,5.5,A tabby cat is sitting on a running Roomba near a door and a shelf.
50_final,6,A cat is riding a robotic vacuum cleaner in a room.
50_final,6.5,A cat is sitting on top of a moving Roomba vacuum cleaner.
50_final,7,A brown spotted cat is sitting on a moving robotic vacuum cleaner.
50_final,7.5,A cat is sitting on top of a running robot vacuum cleaner.
50_final,8,A cat is sitting on a running robotic vacuum cleaner.
50_final,8.5,"A brown cat sits on a round automated vacuum cleaning robot in a room with wooden floors, a partially opened white door, and a wooden shelf against the wall."
52_final,0,A humanoid robot stands with its hands poised above a table with an object on it.
52_final,0.5,A humanoid robot wearing a white suit and a golden helmet is standing near a table with a box that contains some objects.
52_final,1,A humanoid robot wearing a helmet and NASA-branded suit is standing in front of a table and moving its hands toward some objects on the table.
52_final,1.5,A NASA robot with a helmet stands next to a table with a box containing objects.
52_final,2,A robot wearing a helmet and NASA logo on its torso is standing next to a table with objects on it.
52_final,2.5,A humanoid robot with a NASA logo on its chest is reaching for an object on a table.
52_final,3,A NASA robot is interacting with a black object on a table.
52_final,3.5,"In the video, a white robot with a gold helmet, wearing a NASA logo, stands at a table and appears to be manipulating a black object."
52_final,4,"In the video, a NASA humanoid robot is standing in front of a table with a pair of black objects on it."
52_final,4.5,"A white robot with a gold helmet and the NASA logo on its chest stands at a table with an object on it, holding its hands out as if gesturing."
52_final,5,A humanoid robot wearing a NASA logo stands at a table and gestures towards a set of objects.
52_final,5.5,"A humanoid robot with a NASA logo is standing next to a table with an object on it, and it appears to be manipulating the object."
52_final,6,"A robotic hand is attempting to lift two dumbbells, one marked ""20"" and the other ""02"", placed on a metal surface against a blurred blue background."
52_final,6.5,A robotic hand grips a 20-pound dumbbell.
52_final,7,A robotic hand is shown holding a 20-pound dumbbell.
52_final,7.5,A robotic arm is holding a 20 lb dumbbell.
52_final,8,A robotic arm is holding a 20-pound dumbbell.
52_final,8.5,A robotic hand is holding a 20-pound dumbbell.
52_final,9,A robotic arm and hand are shown gripping a 20-pound dumbbell.
52_final,9.5,A robot arm is shown holding two 20-pound dumbbells.
52_final,10,"A robotic hand grips a 20-pound dumbbell, suggesting a demonstration or test of its lifting capabilities."
52_final,10.5,A robotic arm grips two 20-pound dumbbells.
52_final,11,"A robot arm is holding two 20-pound dumbbells, suggesting it may be attempting to lift or work out with them."
52_final,11.5,A robotic arm is lifting two 20-pound dumbbells.
52_final,12,"A robotic arm and hand grasp a 20-pound dumbbell, suggesting a demonstration of the robot's strength and dexterity."
52_final,12.5,"A robotic arm and hand are holding a 20-pound dumbbell.
"
52_final,13,A robotic arm and hand are holding a 20-pound dumbbell.
52_final,13.5,A robotic arm is holding a 20-pound dumbbell.
52_final,14,"A robotic arm is holding a dumbbell with a ""20"" and ""23"" weight on each end, suggesting a strength or dexterity test."
52_final,14.5,A robot arm with a white hand holds dumbbells.
52_final,15,"An astronaut wearing a white spacesuit and helmet is working inside a spacecraft, possibly performing tasks or maintenance."
52_final,15.5,A NASA robot is standing at a table and appears to be manipulating objects.
52_final,16,A NASA robot is holding an object over a set of silver triangles.
52_final,16.5,A robot is standing in front of a table with small geometric shapes on it.
52_final,17,A humanoid robot wearing a white suit and a bronze-colored helmet is manipulating objects on a table.
52_final,17.5,A humanoid robot in a NASA spacesuit manipulates objects on a table.
52_final,18,A robot wearing a NASA uniform is manipulating objects on a table.
52_final,18.5,"In the video, a humanoid robot with a white and gold-colored spacesuit is manipulating objects on a table, seemingly performing a task with its hands."
52_final,19,A humanoid robot with a white suit and a NASA logo on the chest is manipulating a small object on a table.
52_final,19.5,A white and gold NASA robot is standing in front of a table. On the table is a small white box containing what appears to be smaller geometric shapes. The robot is holding one such geometric shape in its right hand.
53_final,0,A robot is walking in front of a yellow background.
53_final,0.5,A blue and white humanoid robot is walking.
53_final,1,A white and blue humanoid robot walks on a white surface in front of a yellow background.
53_final,1.5,A robot is walking against a yellow background.
53_final,2,A blue and white robot is walking on a white surface in front of a yellow background.
53_final,2.5,A blue and white humanoid robot is walking to the left on a white surface against a yellow background.
53_final,3,A blue and white humanoid robot is walking on a white surface with a yellow background.
53_final,3.5,A robot is walking across a white surface.
53_final,4,A white and blue humanoid robot is walking.
53_final,4.5,A humanoid robot is seen standing on a light-colored surface in front of a yellow background.
53_final,5,A white and blue humanoid robot stands in front of a yellow background.
53_final,5.5,"A blue and white humanoid robot stands on a white surface with a yellow wall in the background, appearing to be in motion or performing a walking step.
"
53_final,6,A humanoid robot stands in front of a yellow wall.
53_final,6.5,A humanoid robot stands on a white floor against a yellow wall.
53_final,7,"A humanoid robot stands in front of a yellow wall, with another robot partially visible to its right."
53_final,7.5,A blue and white bipedal robot stands in front of a yellow background with another similar robot partially visible in the background.
53_final,8,A humanoid robot with a white and blue color scheme is standing stationary in front of a yellow background.
53_final,8.5,A blue and white robot stands still in front of a yellow wall.
53_final,9,A blue and white humanoid robot is standing on a white floor against a yellow background.
53_final,9.5,"A white and blue robot stands in front of a yellow wall, with another robot partially visible in the background."
53_final,10,"A blue and white robot stands in front of a yellow wall, facing the camera, with another similar robot partially visible on the right side of the frame."
53_final,10.5,A bipedal robot stands still in front of a yellow wall.
54_final,0,"A stationary BB-8 droid is present in an indoor location, with shelves and a clock visible in the background."
54_final,0.5,The video shows a BB-8 droid replica in an indoor setting with shelves and decorations visible in the background.
54_final,1,A close-up shot showcases a BB-8 droid replica.
54_final,1.5,A BB-8 droid replica is visible in front of a wall display and other items in a room.
54_final,2,"A BB-8 droid replica is visible in a room with a shelf of items, a clock, and decorative spiders on the wall.
"
54_final,2.5,A large BB-8 droid is in a room with a display case and a counter.
54_final,3,A BB-8 droid is standing in a room that appears to be a coffee shop or cafe.
54_final,3.5,The video features a BB-8 droid in a store.
54_final,4,"A BB-8 droid stands on the floor in a room that has a snacks display, a beverage bar, and decorations on the wall."
54_final,4.5,"The video shows a BB-8 droid replica in what appears to be a public space, such as a store or office waiting area."
54_final,5,A BB-8 droid is standing on a floor.
54_final,5.5,A BB-8 droid stands in a room.
54_final,6,BB-8 stands on a gray floor with orange walls.
54_final,6.5,A BB-8 droid toy rolls across the floor.
54_final,7,A BB-8 droid is moving in an indoor setting.
54_final,7.5,A BB-8 droid sits on a gray floor in front of some shelves and gray cabinets.
54_final,8,"BB-8, the droid from Star Wars, rolls on a gray floor in a brightly lit indoor space."
54_final,8.5,"BB-8, the droid from Star Wars, rolls on a gray floor in a brightly lit indoor space."
55_final,0,Someone is controlling a drone with a remote control in a backyard.
55_final,0.5,A person is controlling a drone with a remote control in a backyard with potted plants.
55_final,1,"A drone is being remotely piloted in a backyard, with various potted plants and a gate visible in the background."
55_final,1.5,A drone is being controlled by a person with a remote control in an outdoor patio setting with plants and a gate.
55_final,2,"A person is holding a drone controller in a garden, likely preparing to fly the drone, which is visible on the ground nearby."
55_final,2.5,A person is operating a drone with a remote control in a backyard with plants and a gate.
55_final,3,A person is controlling a quadcopter-like drone in a backyard with potted plants using a remote control.
55_final,3.5,A person is operating a drone in a garden with a remote controller.
55_final,4,"A person is operating a remote control for a drone with four round vessels, positioned near a gate and several potted plants in an outdoor area."
55_final,4.5,A drone is hovering over the ground while a person holds its remote controller in their hands in a garden.
55_final,5,A person is holding a remote control and flying a drone in a backyard.
55_final,5.5,A person is controlling a drone with a remote control in a backyard.
55_final,6,A person is holding a drone controller with a drone on the ground in a backyard.
55_final,6.5,"In a backyard setting with potted plants and a gate in the background, a person is holding a remote control, operating a small quadcopter drone that is hovering in front of them."
55_final,7,A person is operating a drone with a remote control in a backyard with potted plants and a brick patio.
55_final,7.5,A person is holding a remote control and operating a drone in a backyard.
55_final,8,Someone is operating a drone in a backyard full of plants and tiled ground.
55_final,8.5,A person holds a drone controller in their hands as a drone hovers above a patio.
57_final,0,"A large, black humanoid robot is standing in front of a stack of light-colored boards in a warehouse-like room, with its hands poised above the boards."
57_final,0.5,A robot is standing in front of a stack of boards and appears to be preparing to lift one.
57_final,1,"A black robot is leaning on a stack of boards or panels, with its hands placed on the top surface, in what appears to be a lab or workshop environment."
57_final,1.5,A bipedal robot is shown leaning on a stack of wooden boards.
57_final,2,Two robotic arms with hands are resting on a table.
57_final,2.5,The video shows two robotic arms with hands resting on a table.
57_final,3,"Two black robot arms with hands are positioned on a light-colored surface, with a silver stepladder visible in the background."
57_final,3.5,"The video shows two black robotic arms with claw-like hands positioned on a light-colored surface, with a silver ladder in the background."
57_final,4,A robot is lifting a piece of material from a stack of material.
57_final,4.5,A humanoid robot stands by a stack of boards on a table and extends one of its arms to interact with the boards.
57_final,5,"A bipedal robot is manipulating a sheet of material on a stack of similar materials, seemingly in a construction or industrial setting."
57_final,5.5,A robot is holding a sheet of plywood over a stack of plywood.
57_final,6,"A robot is lifting a sheet of white material from a stack on a table, likely as part of a manufacturing or assembly process."
57_final,6.5,A black robot is manipulating pieces of plywood in a warehouse-like setting.
57_final,7,"In the video, a robot is using its arms to handle a sheet of white material placed on top of a stack of similar sheets."
57_final,7.5,A black humanoid robot is placing a large white sheet onto a stack of wooden boards in a room with partitions and building materials.
57_final,8,A humanoid robot is using its arms to place a white panel on top of a large stack of panels on a wooden table.
57_final,8.5,"A humanoid robot stands at a table stacked with sheets of plywood, carefully handling a sheet of white material."
57_final,9,"A robot, positioned in front of a table stacked with plywood, appears to be handling a sheet of white material."
59_final,0,A potter is shaping a large piece of clay on a potter's wheel.
59_final,0.5,A person is shown with their hands covered in clay working on a large clay pot on a pottery wheel.
59_final,1,"In the video, a person is shaping the top of a large clay vessel, likely on a potter's wheel, with their hands covered in clay."
59_final,1.5,"A potter is working on a large, white, onion-shaped vase, shaping its opening with their hands."
59_final,2,"A person is shown working with their hands to shape the top of a large, rounded clay pot."
59_final,2.5,"A person with clay-covered hands is shown smoothing the top of a large, onion-shaped, white clay vessel."
59_final,3,"In the video, a person wearing gloves is near a white, rounded vase, potentially preparing to work on it. An old-fashioned scale is visible in the background."
59_final,3.5,A person is shown shaping a vase on a potter's wheel.
59_final,4,"A person is shaping a large piece of clay on a pottery wheel, with their hands covered in clay and forming the clay into a bulbous shape with a narrow neck."
59_final,4.5,A person with clay-covered hands is shaping the top of a vase.
59_final,5,"A person with clay-covered hands is shaping a large, light-colored vase-like object, presumably made of clay, on a table."
59_final,5.5,A person is shown shaping a clay pot using their hands.
59_final,6,A person is shaping a white clay vase with their hands.
59_final,6.5,"A potter is shaping a large, rounded vase on a pottery wheel, carefully molding the clay with their hands."
59_final,7,A person is shaping a clay pot on a potter's wheel.
59_final,7.5,A person is shaping a clay pot on a potter's wheel.
59_final,8,A person is shaping a clay vase with their hands.
59_final,8.5,A person is shaping a large vase on a potter's wheel using their hands.
60_final,0,"A man is riding a red lawnmower on a grassy lawn, cutting the grass. In the background, there is a white house and a grey truck."
60_final,0.5,"A man is riding a lawnmower through a grassy yard, cutting the grass."
60_final,1,A man is mowing a lawn with a riding mower.
60_final,1.5,A man on a riding mower is cutting tall grass.
60_final,2,A person is riding a red lawn mower on a grassy lawn.
60_final,2.5,A man is mowing tall grass on a riding lawnmower.
60_final,3,A man is mowing a field of tall grass with a zero-turn lawnmower.
60_final,3.5,A man on a red Toro riding lawnmower cuts grass.
60_final,4,A person is mowing a lawn while sitting on a red and black Toro mower.
60_final,4.5,A man wearing sunglasses is riding a red and gray lawn mower and mowing grass.
60_final,5,"A man in sunglasses drives a red Toro riding lawnmower across a green, grassy lawn."
60_final,5.5,A man is driving a Toro zero-turn lawn mower across a grassy area.
60_final,6,A man is mowing a lawn while sitting on a zero-turn lawnmower.
60_final,6.5,"A man is sitting on a Toro lawn mower, in a yard with long grass."
60_final,7,A man is riding a Toro zero-turn mower across a grassy lawn.
60_final,7.5,A man wearing sunglasses and a green long-sleeved shirt is operating a red and black TORO lawn mower.
60_final,8,"A man is driving a Toro riding lawn mower through a grassy field, with his right foot pressing down on a pedal, seemingly engaged in mowing."
60_final,8.5,A man is mowing grass on a Toro zero-turn riding lawnmower.
6_final,0,An elderly man is driving a red mobility scooter across a grassy lawn toward a stone bird bath.
6_final,0.5,An elderly man is driving a mobility scooter on a lawn in a garden with bird baths and fountains.
6_final,1,A man is driving a mobility scooter on the grass through a garden with statues.
6_final,1.5,A bald man is driving a red mobility scooter on a grassy lawn.
6_final,2,A man is driving a red mobility scooter on a grassy lawn.
6_final,2.5,A bald man is riding a red scooter in a grassy yard.
6_final,3,A man is sitting in a motorized wheelchair in a grassy backyard.
6_final,3.5,A bald man is sitting outside in a motorized wheelchair.
6_final,4,A bald man is sitting in a powered wheelchair in a sunny backyard.
6_final,4.5,A bald man in a gray shirt is sitting in a motorized chair outside in a grassy area with trees and a bird bath in the background.
6_final,5,"A bald man is sitting in a motorized wheelchair in a sunny yard, looking directly at the camera."
6_final,5.5,A bald man in a gray shirt is sitting outside in a motorized chair and is about to start it up.
6_final,6,A bald man sitting in a wheelchair is operating the controls.
7_final,0,"A person in black pants and a shirt is doing yoga in a living room, and two men are looking down at her from a landing above."
7_final,0.5,A woman on a hoverboard attempts a headstand in front of a man.
7_final,1,"A person wearing black clothing is attempting to do a handstand on a hoverboard, while another person wearing a blue shirt stands and watches."
7_final,1.5,"A woman is attempting to balance on a hoverboard, while another person watches from an elevated position."
7_final,2,A woman is attempting to perform a push-up with her hands on a hoverboard.
7_final,2.5,"A woman does a handstand on a hoverboard, and there's a man watching in the background."
7_final,3,"A woman is doing a handstand on a hoverboard in a living room, while a man sits in a chair watching."
7_final,3.5,A person is doing a handstand on a hoverboard in a living room.
7_final,4,A person is doing a handstand on a moving hoverboard in a living room.
7_final,4.5,"In the video, a person is doing a handstand on a moving hoverboard in a room with people watching."
7_final,5,A person is doing a handstand on a hoverboard in a living room with a Christmas tree and other people.
7_final,5.5,A person is doing a handstand on a hoverboard in a room with a Christmas tree.
7_final,6,A person is doing a handstand on a hoverboard near a Christmas tree.
7_final,6.5,A person is doing a handstand on a hoverboard in a room with a Christmas tree and other people watching.
7_final,7,A person is doing a handstand on a moving hoverboard in a living room with a Christmas tree and other people in the background.
7_final,7.5,A person is doing a handstand on a hoverboard in a room with other people and a Christmas tree.
7_final,8,A person is doing a handstand on a hoverboard in a room with other people and a Christmas tree.
9_final,0,A robot is dancing in a bathroom.
9_final,0.5,A white and red humanoid robot is moving its arms and legs in a tiled bathroom.
9_final,1,"In a tiled room, a white and red robot is in a dancing pose with its arms out."
9_final,1.5,"A red and white humanoid robot is standing on a tiled floor in front of a white cabinet and door, appearing to dance or move erratically."
9_final,2,A white and red robot is dancing in a bathroom.
9_final,2.5,"A white and red robot stands in a bathroom, and appears to be performing a dance or exercise routine."
9_final,3,A white and red humanoid robot is dancing on a white tiled floor in a bathroom.
9_final,3.5,A white and red humanoid robot stands on a tiled floor with its arms outstretched.
9_final,4,"In the image, a white robot with red accents is shown with its arms outstretched. The robot stands in a white room with tiled floors, suggesting it might be in a bathroom or similar space."
9_final,4.5,"A white and red robot stands on a tiled floor with its arms outstretched, seemingly about to fall."
9_final,5,"A white and red robot stands in a bathroom, with its right arm raised."
9_final,5.5,"A small, humanoid robot with a white body and red accents is standing on a tiled floor in what appears to be a bathroom, with its arms extended in front of it."
9_final,6,"In a bathroom with white tiled floors and a white cabinet and door, a robot with a white body, red accents, and human-like features is in a bent-over posture, suggesting it may be dancing or performing some sort of action."
9_final,6.5,A white and red robot is dancing in a bathroom.
9_final,7,A humanoid robot with red and white coloring is dancing on a tiled floor in a bathroom.
9_final,7.5,A humanoid robot with red accents is dancing on a tiled floor in what appears to be a bathroom.
9_final,8,"A white robot with red accents is standing on a tiled floor near a cabinet and a white door, positioned with its arms outstretched to the sides."
9_final,8.5,A white and red Nao robot is standing and moving its arms in a tiled room with white cabinets and a door.
9_final,9,A Nao robot is dancing in a bathroom.
9_final,9.5,"A humanoid robot with a red head, white body, and a cross on its feet is dancing on a tiled floor in front of a white cabinet and door."